Bed_Number,beds_1A,gsize_1A,facies_1A,lith_1A,amal_1A,beds_1B,gsize_1B,facies_1B,lith_1B,amal_1B,beds_1C,gsize_1C,facies_1C,lith_1C,amal_1C,beds_2A,gsize_2A,facies_2A,lith_2A,amal_2A,beds_3A,gsize_3A,facies_3A,lith_3A,amal_3A,beds_3B,gsize_3B,facies_3B,lith_3B,amal_3B,beds_4A,gsize_4A,facies_4A,lith_4A,amal_4A,beds_5A,gsize_5A,facies_5A,lith_5A,amal_5A,beds_5B,gsize_5B,facies_5B,lith_5B,amal_5B,beds_5C,gsize_5C,facies_5C,lith_5C,amal_5C
1,25,2,1,1,1,39,2,1,1,0,62,4,4,1,0,60,2,1,1,0,5,3,3,1,0,3.5,3,3,1,0,32,1,1,1,0,190,3,7,2,0,16,6,2,2,0,26,2,1,1,0
2,8,2,1,1,1,80,5,5,1,1,15,5,6,1,0,12,4,4,1,0,7,1,1,1,0,4,1,1,1,0,34,2,1,1,0,62,7,5,2,0,6,6,3,2,0,6,5,3,2,0
3,24,3,4,1,0,24,4,4,1,1,36,1,1,1,0,4,2,1,1,0,4,3,3,1,0,2.5,3,3,1,0,99,1,1,1,0,58,7,5,2,0,1,1,1,1,0,16,1,1,1,0
4,8,2,1,1,0,1,1,1,1,0,49,4,4,1,0,33,4,4,1,1,4,1,1,1,0,7,4,3,1,0,15,3,4,1,1,26,5,5,2,0,18,7,2,2,0,2,3,3,1,0
5,15,3,4,1,1,10,2,1,1,0,9,2,1,1,0,40,4,4,1,1,2,3,3,1,1,4,5,3,1,0,8,3,3,1,1,102,5,7,2,0,7,7,3,2,1,3,1,1,1,0
6,24,3,4,1,1,9,1,1,1,0,10,4,4,1,0,20,3,6,1,0,5,3,3,1,1,5,1,1,1,0,8,3,3,1,1,11,5,4,2,1,8,7,3,2,1,4,3,3,1,0
7,28,2,1,1,0,81,4,5,1,0,4,1,1,1,0,61,3,4,1,0,6,3,3,1,1,5,5,3,1,0,6,3,3,1,1,21,5,4,2,1,6,1,1,1,0,16,1,1,1,0
8,22,3,4,1,0,9,1,1,1,0,19,4,4,1,0,8,2,1,1,0,2,1,1,1,0,10,1,1,1,0,13,3,4,1,1,15,5,4,2,1,14,6,4,2,0,10,5,4,2,0
9,52,2,1,1,1,39,4,4,1,1,10,2,1,1,0,103,3,6,2,0,10,3,4,1,0,2,4,3,1,0,30,10,6,1,0,18,5,4,2,1,20,7,4,2,0,7,3,3,1,0
10,8,2,1,1,1,26,4,4,1,1,27,4,4,1,1,45,6,4,2,1,0.5,1,1,1,0,48,1,1,1,0,20,10,6,1,0,16,5,4,2,1,19,7,4,2,0,107,2,1,1,0
11,10,4,4,1,0,63,5,5,1,0,25,4,4,1,1,30,7,4,2,1,8,3,3,1,0,5,4,3,1,0,30,5,4,1,0,556,6,5,2,0,190,1,1,1,0,11,2,4,1,0
12,46,2,1,1,0,9,1,1,1,0,5,2,1,1,0,10,1,1,1,0,0.5,1,1,1,0,0.5,1,1,1,0,20,1,1,1,0,,,,,,120,3,7,2,0,6,2,1,1,0
13,20,3,4,1,0,24,2,1,1,0,6,3,3,1,0,29,5,4,2,1,7,3,3,1,0,17,5,4,1,1,85,10,6,1,0,,,,,,42,7,5,2,0,5,3,3,1,0
14,40,2,1,1,0,35,3,4,1,0,8,2,1,1,0,19,5,4,2,1,0.5,1,1,1,0,12,5,4,1,1,93,5,5,2,0,,,,,,,,,,,37,2,1,1,0
15,40,4,4,1,0,12,1,1,1,0,17,4,4,1,1,8,5,3,2,1,6,3,3,1,0,5,1,1,1,0,15,1,1,1,0,,,,,,,,,,,4,5,3,2,1
16,25,2,1,1,0,,,,,,13,4,4,1,1,25,4,4,2,1,20,2,1,1,0,7,4,3,1,0,15,6,4,2,0,,,,,,,,,,,7,5,3,2,1
17,75,2,1,1,0,,,,,,33,4,4,1,1,6,2,1,1,0,5,4,3,1,0,36,1,1,1,0,15,3,4,1,0,,,,,,,,,,,40,2,1,1,0
18,14,2,1,1,0,,,,,,70,3,6,1,0,2,1,1,1,0,3,1,1,1,0,3,4,3,1,1,68,2,1,1,0,,,,,,,,,,,5,3,3,1,0
19,13,3,4,1,0,,,,,,65,2,1,1,0,7,4,3,1,0,7,4,3,1,0,2,4,3,1,1,8,4,3,1,0,,,,,,,,,,,1,1,1,1,0
20,12,2,1,1,0,,,,,,12,4,4,1,1,17,1,1,1,0,11,2,1,1,0,5,4,3,1,1,25,2,1,1,0,,,,,,,,,,,2,3,3,1,0
21,19,2,1,1,0,,,,,,10,4,4,1,1,5,6,3,2,0,4,3,3,1,0,3,4,3,1,1,2,4,3,1,0,,,,,,,,,,,8,2,1,1,0
22,11,2,1,1,0,,,,,,54,2,1,1,0,6,1,1,1,0,9,2,1,1,0,6,4,3,1,1,20,2,1,1,0,,,,,,,,,,,7,4,3,1,0
23,65,2,1,1,0,,,,,,17,4,4,1,1,7,3,3,1,0,7,3,3,1,0,39,1,1,1,0,6,5,3,2,0,,,,,,,,,,,4,1,1,1,0
24,9,4,3,1,0,,,,,,24,4,4,1,1,6,1,1,1,0,45,1,1,1,0,7,5,3,1,0,50,1,1,1,0,,,,,,,,,,,19,5,4,2,0
25,5,1,1,1,0,,,,,,35,4,4,1,1,5,2,3,1,0,5,3,3,1,0,10,1,1,1,0,46,5,4,1,1,,,,,,,,,,,29,2,1,1,0
26,12,3,4,1,0,,,,,,32,3,4,1,0,55,2,1,1,0,3,3,3,1,0,5,3,3,1,0,26,5,4,1,1,,,,,,,,,,,25,3,4,1,0
27,900,2,6,1,0,,,,,,35,4,4,1,1,,,,,,1,1,1,1,0,4,1,1,1,0,41,2,1,1,0,,,,,,,,,,,54,2,1,1,0
28,,,,,,,,,,,37,4,4,1,1,,,,,,2,3,3,1,0,3,3,3,1,0,19,5,4,1,0,,,,,,,,,,,6,3,3,1,0
29,,,,,,,,,,,26,4,4,1,1,,,,,,16,2,1,1,0,2,1,1,1,0,50,2,1,1,0,,,,,,,,,,,35,1,1,1,0
30,,,,,,,,,,,31,2,1,1,0,,,,,,6,3,3,1,0,2,3,3,1,0,20,3,4,1,0,,,,,,,,,,,9,2,1,1,0
31,,,,,,,,,,,39,4,4,1,0,,,,,,8,2,1,1,0,15,1,1,1,0,15,1,1,1,0,,,,,,,,,,,5,5,3,2,0
32,,,,,,,,,,,12,2,1,1,0,,,,,,4,3,3,1,0,3,3,3,1,0,15,3,4,1,0,,,,,,,,,,,5,1,1,1,0
33,,,,,,,,,,,5,3,3,1,0,,,,,,5,2,1,1,0,43,1,1,1,0,16,1,1,1,0,,,,,,,,,,,4,4,3,2,0
34,,,,,,,,,,,5,2,1,1,0,,,,,,4,3,3,1,0,3,2,3,1,0,2,4,3,1,0,,,,,,,,,,,3,2,1,1,0
35,,,,,,,,,,,25,4,4,1,0,,,,,,2,2,1,1,0,145,1,1,1,0,18,3,4,1,1,,,,,,,,,,,14,5,4,2,0
36,,,,,,,,,,,5,2,1,1,0,,,,,,4,3,3,1,0,12,3,4,1,0,15,3,4,1,1,,,,,,,,,,,80,2,1,1,0
37,,,,,,,,,,,45,4,4,1,0,,,,,,2,3,3,1,0,61,1,1,1,0,3,2,1,1,0,,,,,,,,,,,5,5,3,2,0
38,,,,,,,,,,,2,1,1,1,0,,,,,,350,1,1,1,0,9,5,3,1,0,26,3,4,1,0,,,,,,,,,,,62,2,1,1,0
39,,,,,,,,,,,4,3,3,1,0,,,,,,9,3,3,1,0,37,1,1,1,0,5,2,1,1,0,,,,,,,,,,,3,4,3,2,1
40,,,,,,,,,,,30,4,4,1,1,,,,,,78,1,1,1,0,12,3,4,1,1,3,6,3,2,0,,,,,,,,,,,7,4,3,2,1
41,,,,,,,,,,,12,3,4,1,1,,,,,,10,3,4,1,0,8,3,3,1,1,8,1,1,1,0,,,,,,,,,,,3,2,1,1,0
42,,,,,,,,,,,22,2,1,1,0,,,,,,38,1,1,1,0,10,1,1,1,0,21,3,4,1,0,,,,,,,,,,,4,3,3,1,1
43,,,,,,,,,,,130,2,1,1,0,,,,,,14,3,4,1,0,7,4,3,1,0,5,4,3,1,0,,,,,,,,,,,5,3,3,1,1
44,,,,,,,,,,,20,3,4,1,0,,,,,,27,2,1,1,0,16,1,1,1,0,10,3,4,1,1,,,,,,,,,,,42,1,1,1,0
45,,,,,,,,,,,10,1,1,1,0,,,,,,150,1,1,1,0,5,3,3,1,0,27,3,4,1,1,,,,,,,,,,,13,3,3,1,0
46,,,,,,,,,,,50,4,4,1,0,,,,,,13,3,4,1,0,10,1,1,1,0,10,4,4,1,0,,,,,,,,,,,6,5,3,2,0
47,,,,,,,,,,,12,2,1,1,0,,,,,,4,2,1,1,0,6,3,3,1,0,24,3,4,1,0,,,,,,,,,,,7,2,1,1,0
48,,,,,,,,,,,35,4,4,1,1,,,,,,21,3,4,1,0,15,1,1,1,0,3,4,3,1,0,,,,,,,,,,,5,4,3,1,1
49,,,,,,,,,,,26,4,4,1,1,,,,,,21,4,4,1,0,4,3,3,1,0,16,2,1,1,0,,,,,,,,,,,18,4,4,1,1
50,,,,,,,,,,,23,3,4,1,1,,,,,,150,1,1,1,0,70,1,1,1,0,14,3,4,1,1,,,,,,,,,,,3,2,1,1,0
51,,,,,,,,,,,10,2,1,1,0,,,,,,107,4,4,1,0,43,1,1,1,0,9,3,3,1,1,,,,,,,,,,,2,3,3,1,0
52,,,,,,,,,,,52,4,4,1,0,,,,,,32,2,1,1,0,42,5,4,1,0,5,3,3,1,1,,,,,,,,,,,3,1,1,1,0
53,,,,,,,,,,,41,2,1,1,0,,,,,,6,3,3,1,1,60,1,1,1,0,10,3,4,1,1,,,,,,,,,,,3,4,3,1,0
54,,,,,,,,,,,8,4,3,1,1,,,,,,12,3,4,1,1,10,4,4,1,0,9,2,1,1,0,,,,,,,,,,,83,1,1,1,0
55,,,,,,,,,,,11,4,4,1,1,,,,,,13,3,4,1,1,5,1,1,1,0,11,3,4,1,0,,,,,,,,,,,6,4,3,1,1
56,,,,,,,,,,,25,4,4,1,1,,,,,,2,1,1,1,0,29,5,4,1,0,2,2,1,1,0,,,,,,,,,,,12,4,4,1,1
57,,,,,,,,,,,1,1,1,1,0,,,,,,2,4,3,1,0,62,1,1,1,0,13,3,4,1,0,,,,,,,,,,,32,2,1,1,0
58,,,,,,,,,,,19,4,4,1,0,,,,,,18,2,1,1,0,33,3,2,1,0,28,2,1,1,0,,,,,,,,,,,6,4,3,1,1
59,,,,,,,,,,,34,3,4,1,0,,,,,,12,4,4,1,1,215,2,6,1,0,8,3,3,1,0,,,,,,,,,,,6,4,3,1,1
60,,,,,,,,,,,30,2,1,1,0,,,,,,36,4,4,1,1,36,4,4,1,0,52,2,1,1,0,,,,,,,,,,,19,2,1,1,0
61,,,,,,,,,,,29,3,4,1,0,,,,,,23,4,4,1,1,10,5,4,1,1,6,6,3,2,0,,,,,,,,,,,4,5,3,1,0
62,,,,,,,,,,,35,4,4,1,0,,,,,,1,1,1,1,0,10,5,4,1,1,20,3,4,1,0,,,,,,,,,,,5,2,1,1,0
63,,,,,,,,,,,70,1,1,1,0,,,,,,14,3,4,1,0,10,5,4,1,1,9,5,3,1,0,,,,,,,,,,,8,5,3,1,0
64,,,,,,,,,,,22,3,4,1,0,,,,,,2,1,1,1,0,8,1,1,1,0,76,4,5,1,0,,,,,,,,,,,8,2,1,1,0
65,,,,,,,,,,,47,1,1,1,0,,,,,,5,3,3,1,0,9,4,3,1,0,18,4,4,1,1,,,,,,,,,,,5,4,3,1,0
66,,,,,,,,,,,19,2,1,1,0,,,,,,1,1,1,1,0,4,1,1,1,0,14,4,4,1,1,,,,,,,,,,,30,1,1,1,0
67,,,,,,,,,,,7,3,3,1,0,,,,,,11,3,4,1,1,21,4,4,1,0,8,4,3,1,1,,,,,,,,,,,4,4,3,1,0
68,,,,,,,,,,,10,2,1,1,0,,,,,,10,3,4,1,1,104,1,1,1,0,2,2,1,1,0,,,,,,,,,,,6,1,1,1,0
69,,,,,,,,,,,14,3,4,1,0,,,,,,12,4,4,1,1,20,5,4,1,0,8,3,3,1,0,,,,,,,,,,,3,3,3,1,0
70,,,,,,,,,,,6,2,1,1,0,,,,,,9,4,3,1,1,52,1,1,1,0,11,2,1,1,0,,,,,,,,,,,27,1,1,1,0
71,,,,,,,,,,,6,3,3,1,0,,,,,,193,2,1,1,0,10,5,4,1,0,22,2,1,1,0,,,,,,,,,,,2,3,3,1,0
72,,,,,,,,,,,10,2,1,1,0,,,,,,33,3,4,1,1,80,1,6,1,0,13,3,3,1,0,,,,,,,,,,,55,1,1,1,0
73,,,,,,,,,,,21,3,4,1,0,,,,,,24,3,4,1,1,10,5,4,1,0,11,4,4,1,0,,,,,,,,,,,2,5,3,2,0
74,,,,,,,,,,,78,1,1,1,0,,,,,,2,1,1,1,0,52,1,6,1,0,4,3,3,1,1,,,,,,,,,,,3,1,1,1,0
75,,,,,,,,,,,27,2,1,1,0,,,,,,12,4,4,1,0,11,4,4,1,0,6,3,3,1,1,,,,,,,,,,,3,5,3,2,0
76,,,,,,,,,,,13,3,4,1,0,,,,,,2,1,1,1,0,500,5,7,2,0,1,2,1,1,0,,,,,,,,,,,6,1,1,1,0
77,,,,,,,,,,,30,4,4,1,0,,,,,,20,3,3,1,0,,,,,,12,3,4,1,0,,,,,,,,,,,2,4,3,2,0
78,,,,,,,,,,,46,1,1,1,0,,,,,,47,7,4,2,0,,,,,,3,4,3,1,0,,,,,,,,,,,7,1,1,1,0
79,,,,,,,,,,,47,2,1,1,0,,,,,,32,3,4,1,0,,,,,,7,4,3,1,0,,,,,,,,,,,7,4,3,2,0
80,,,,,,,,,,,20,3,4,1,0,,,,,,1,4,3,2,0,,,,,,24,2,1,1,0,,,,,,,,,,,33,2,1,1,0
81,,,,,,,,,,,15,2,1,1,0,,,,,,10,2,1,1,0,,,,,,9,3,3,1,0,,,,,,,,,,,6,3,3,1,0
82,,,,,,,,,,,26,1,1,1,0,,,,,,1,4,3,2,0,,,,,,8,3,3,1,0,,,,,,,,,,,350,3,7,2,0
83,,,,,,,,,,,26,2,1,1,0,,,,,,26,3,3,1,0,,,,,,9,3,3,1,0,,,,,,,,,,,53,1,1,1,0
84,,,,,,,,,,,78,1,1,1,0,,,,,,20,1,1,1,0,,,,,,3,1,1,1,0,,,,,,,,,,,6,3,3,1,0
85,,,,,,,,,,,33,2,1,1,0,,,,,,95,2,1,1,0,,,,,,10,3,4,1,0,,,,,,,,,,,32,2,1,1,0
86,,,,,,,,,,,24,1,1,1,0,,,,,,11,3,4,1,0,,,,,,16,3,4,1,0,,,,,,,,,,,2,4,3,1,0
87,,,,,,,,,,,7,3,3,1,0,,,,,,9,1,1,1,0,,,,,,6,6,3,2,0,,,,,,,,,,,56,2,1,1,0
88,,,,,,,,,,,8,1,1,1,0,,,,,,8,3,3,1,0,,,,,,4,6,3,2,0,,,,,,,,,,,6,4,3,1,0
89,,,,,,,,,,,14,4,4,1,0,,,,,,1,5,3,2,0,,,,,,35,2,1,1,0,,,,,,,,,,,35,2,1,1,0
90,,,,,,,,,,,18,1,1,1,0,,,,,,6,3,3,1,0,,,,,,26,4,4,1,1,,,,,,,,,,,54,5,4,2,0
91,,,,,,,,,,,28,3,4,1,0,,,,,,1,5,3,2,0,,,,,,20,5,4,1,1,,,,,,,,,,,110,2,1,1,0
92,,,,,,,,,,,58,2,1,1,0,,,,,,8,3,3,1,0,,,,,,7,3,3,1,0,,,,,,,,,,,15,4,4,2,0
93,,,,,,,,,,,12,3,4,1,1,,,,,,2,5,3,2,0,,,,,,65,1,1,1,0,,,,,,,,,,,69,2,1,1,0
94,,,,,,,,,,,10,2,1,1,1,,,,,,7,3,3,1,0,,,,,,25,3,4,1,1,,,,,,,,,,,17,8,4,2,0
95,,,,,,,,,,,12,3,4,1,1,,,,,,1,5,3,2,0,,,,,,27,3,4,1,1,,,,,,,,,,,86,2,1,1,0
96,,,,,,,,,,,22,1,1,1,0,,,,,,61,1,1,1,0,,,,,,3,6,3,2,1,,,,,,,,,,,40,8,4,2,0
97,,,,,,,,,,,39,4,4,1,1,,,,,,20,3,4,1,0,,,,,,20,3,4,1,1,,,,,,,,,,,65,2,1,1,0
98,,,,,,,,,,,25,3,4,1,1,,,,,,2,5,3,2,0,,,,,,15,2,1,1,0,,,,,,,,,,,4,8,4,2,0
99,,,,,,,,,,,65,2,1,1,0,,,,,,81,1,1,1,0,,,,,,40,1,1,1,0,,,,,,,,,,,125,2,1,1,0
100,,,,,,,,,,,80,4,4,1,0,,,,,,6,3,3,1,0,,,,,,11,10,6,1,0,,,,,,,,,,,24,3,3,1,0
101,,,,,,,,,,,30,1,1,1,0,,,,,,3,5,3,2,0,,,,,,13,10,6,1,0,,,,,,,,,,,2,1,1,1,0
102,,,,,,,,,,,20,3,4,1,0,,,,,,45,2,1,1,0,,,,,,4,5,3,1,0,,,,,,,,,,,7,3,3,1,1
103,,,,,,,,,,,2,2,1,1,0,,,,,,13,3,4,1,0,,,,,,5,6,3,2,0,,,,,,,,,,,8,3,3,1,1
104,,,,,,,,,,,40,3,4,1,0,,,,,,44,2,1,1,0,,,,,,21,3,4,1,0,,,,,,,,,,,15,3,4,1,1
105,,,,,,,,,,,14,2,1,1,0,,,,,,6,3,3,1,0,,,,,,24,2,1,1,0,,,,,,,,,,,34,2,1,1,0
106,,,,,,,,,,,30,3,4,1,0,,,,,,2,5,3,2,0,,,,,,16,3,4,1,0,,,,,,,,,,,6,6,3,2,0
107,,,,,,,,,,,,,,,,,,,,,37,3,4,1,0,,,,,,5,4,3,1,0,,,,,,,,,,,20,2,1,1,0
108,,,,,,,,,,,,,,,,,,,,,122,2,1,1,0,,,,,,20,3,4,1,0,,,,,,,,,,,5,6,3,2,0
109,,,,,,,,,,,,,,,,,,,,,1,6,3,2,0,,,,,,10,2,1,1,0,,,,,,,,,,,20,2,1,1,0
110,,,,,,,,,,,,,,,,,,,,,1,1,1,1,0,,,,,,13,3,4,1,0,,,,,,,,,,,8,5,3,1,1
111,,,,,,,,,,,,,,,,,,,,,6,5,3,2,0,,,,,,14,3,4,1,0,,,,,,,,,,,9,5,3,1,1
112,,,,,,,,,,,,,,,,,,,,,35,1,1,1,0,,,,,,4,6,3,2,0,,,,,,,,,,,7,5,3,1,1
113,,,,,,,,,,,,,,,,,,,,,11,3,4,1,0,,,,,,21,3,4,1,0,,,,,,,,,,,7,4,3,1,1
114,,,,,,,,,,,,,,,,,,,,,11,1,1,1,0,,,,,,22,2,1,1,0,,,,,,,,,,,58,1,1,1,0
115,,,,,,,,,,,,,,,,,,,,,5,6,3,2,0,,,,,,16,3,4,1,1,,,,,,,,,,,8,6,3,2,0
116,,,,,,,,,,,,,,,,,,,,,25,3,4,1,0,,,,,,22,3,4,1,1,,,,,,,,,,,38,1,1,1,0
117,,,,,,,,,,,,,,,,,,,,,2,4,3,2,0,,,,,,10,3,4,1,1,,,,,,,,,,,5,5,3,1,0
118,,,,,,,,,,,,,,,,,,,,,22,3,4,1,0,,,,,,20,4,4,1,1,,,,,,,,,,,7,1,1,1,0
119,,,,,,,,,,,,,,,,,,,,,280,2,7,2,0,,,,,,200,1,1,1,0,,,,,,,,,,,6,5,3,1,0
120,,,,,,,,,,,,,,,,,,,,,13,5,2,1,0,,,,,,15,2,1,1,0,,,,,,,,,,,11,1,1,1,0
121,,,,,,,,,,,,,,,,,,,,,58,2,1,1,0,,,,,,17,5,4,1,1,,,,,,,,,,,6,5,1,2,0
122,,,,,,,,,,,,,,,,,,,,,1,5,3,2,0,,,,,,35,5,4,1,1,,,,,,,,,,,44,3,7,2,0
123,,,,,,,,,,,,,,,,,,,,,67,1,1,1,0,,,,,,18,4,4,1,1,,,,,,,,,,,,,,,
124,,,,,,,,,,,,,,,,,,,,,4,6,3,2,0,,,,,,8,4,3,1,1,,,,,,,,,,,,,,,
125,,,,,,,,,,,,,,,,,,,,,63,1,1,1,0,,,,,,3,6,3,2,1,,,,,,,,,,,,,,,
126,,,,,,,,,,,,,,,,,,,,,63,3,4,1,0,,,,,,62,2,1,1,0,,,,,,,,,,,,,,,
127,,,,,,,,,,,,,,,,,,,,,52,1,1,1,0,,,,,,20,3,4,1,1,,,,,,,,,,,,,,,
128,,,,,,,,,,,,,,,,,,,,,8,3,3,1,0,,,,,,15,3,4,1,1,,,,,,,,,,,,,,,
129,,,,,,,,,,,,,,,,,,,,,28,1,1,1,0,,,,,,13,1,1,1,0,,,,,,,,,,,,,,,
130,,,,,,,,,,,,,,,,,,,,,5,3,3,1,0,,,,,,16,10,6,1,0,,,,,,,,,,,,,,,
131,,,,,,,,,,,,,,,,,,,,,19,1,1,1,0,,,,,,7,6,3,2,0,,,,,,,,,,,,,,,
132,,,,,,,,,,,,,,,,,,,,,1,5,3,2,0,,,,,,52,2,4,1,0,,,,,,,,,,,,,,,
133,,,,,,,,,,,,,,,,,,,,,16,3,4,1,1,,,,,,6,3,3,1,0,,,,,,,,,,,,,,,
134,,,,,,,,,,,,,,,,,,,,,9,3,3,1,1,,,,,,2,7,3,2,0,,,,,,,,,,,,,,,
135,,,,,,,,,,,,,,,,,,,,,41,1,1,1,0,,,,,,80,2,1,1,0,,,,,,,,,,,,,,,
136,,,,,,,,,,,,,,,,,,,,,11,3,4,1,0,,,,,,10,3,4,1,0,,,,,,,,,,,,,,,
137,,,,,,,,,,,,,,,,,,,,,18,1,1,1,0,,,,,,76,2,1,1,0,,,,,,,,,,,,,,,
138,,,,,,,,,,,,,,,,,,,,,11,2,1,1,1,,,,,,6,3,3,1,0,,,,,,,,,,,,,,,
139,,,,,,,,,,,,,,,,,,,,,11,2,1,1,1,,,,,,20,1,1,1,0,,,,,,,,,,,,,,,
140,,,,,,,,,,,,,,,,,,,,,0.5,1,1,1,0,,,,,,13,3,4,1,0,,,,,,,,,,,,,,,
141,,,,,,,,,,,,,,,,,,,,,11,2,1,1,1,,,,,,6,4,3,1,0,,,,,,,,,,,,,,,
142,,,,,,,,,,,,,,,,,,,,,5,5,3,1,1,,,,,,2,6,3,2,0,,,,,,,,,,,,,,,
143,,,,,,,,,,,,,,,,,,,,,8,1,1,1,0,,,,,,0.5,6,3,2,0,,,,,,,,,,,,,,,
144,,,,,,,,,,,,,,,,,,,,,2,5,3,1,0,,,,,,0.5,6,3,2,0,,,,,,,,,,,,,,,
145,,,,,,,,,,,,,,,,,,,,,11,3,1,1,0,,,,,,0.5,6,3,2,0,,,,,,,,,,,,,,,
146,,,,,,,,,,,,,,,,,,,,,30,1,1,1,0,,,,,,0.5,6,3,2,0,,,,,,,,,,,,,,,
147,,,,,,,,,,,,,,,,,,,,,7,5,3,1,1,,,,,,0.5,6,3,2,0,,,,,,,,,,,,,,,
148,,,,,,,,,,,,,,,,,,,,,9,5,3,1,1,,,,,,12,3,4,1,0,,,,,,,,,,,,,,,
149,,,,,,,,,,,,,,,,,,,,,8,3,3,1,0,,,,,,22,3,4,1,0,,,,,,,,,,,,,,,
150,,,,,,,,,,,,,,,,,,,,,100,1,1,1,0,,,,,,10,3,4,1,0,,,,,,,,,,,,,,,
151,,,,,,,,,,,,,,,,,,,,,3,5,3,2,0,,,,,,2,7,3,2,0,,,,,,,,,,,,,,,
152,,,,,,,,,,,,,,,,,,,,,9,1,1,1,0,,,,,,2,7,3,2,0,,,,,,,,,,,,,,,
153,,,,,,,,,,,,,,,,,,,,,9,4,3,1,1,,,,,,1,7,3,2,0,,,,,,,,,,,,,,,
154,,,,,,,,,,,,,,,,,,,,,10,4,4,1,1,,,,,,34,2,1,1,0,,,,,,,,,,,,,,,
155,,,,,,,,,,,,,,,,,,,,,11,4,4,1,1,,,,,,17,3,4,1,0,,,,,,,,,,,,,,,
156,,,,,,,,,,,,,,,,,,,,,22,4,4,1,1,,,,,,8,3,3,1,0,,,,,,,,,,,,,,,
157,,,,,,,,,,,,,,,,,,,,,11,5,4,1,1,,,,,,14,2,1,1,0,,,,,,,,,,,,,,,
158,,,,,,,,,,,,,,,,,,,,,2,6,3,2,0,,,,,,13,3,4,1,0,,,,,,,,,,,,,,,
159,,,,,,,,,,,,,,,,,,,,,119,2,1,1,0,,,,,,22,2,1,1,0,,,,,,,,,,,,,,,
160,,,,,,,,,,,,,,,,,,,,,20,4,4,1,0,,,,,,11,3,4,1,0,,,,,,,,,,,,,,,
161,,,,,,,,,,,,,,,,,,,,,9,1,1,1,0,,,,,,15,4,4,1,0,,,,,,,,,,,,,,,
162,,,,,,,,,,,,,,,,,,,,,4,5,3,2,0,,,,,,12,3,4,1,0,,,,,,,,,,,,,,,
163,,,,,,,,,,,,,,,,,,,,,30,1,1,1,0,,,,,,30,2,1,1,0,,,,,,,,,,,,,,,
164,,,,,,,,,,,,,,,,,,,,,29,4,4,1,0,,,,,,1,6,3,2,0,,,,,,,,,,,,,,,
165,,,,,,,,,,,,,,,,,,,,,29,2,1,1,0,,,,,,14,2,1,1,0,,,,,,,,,,,,,,,
166,,,,,,,,,,,,,,,,,,,,,49,4,4,1,0,,,,,,11,3,4,1,0,,,,,,,,,,,,,,,
167,,,,,,,,,,,,,,,,,,,,,42,1,1,1,0,,,,,,4,2,1,1,0,,,,,,,,,,,,,,,
168,,,,,,,,,,,,,,,,,,,,,10,3,4,1,0,,,,,,5,4,3,1,0,,,,,,,,,,,,,,,
169,,,,,,,,,,,,,,,,,,,,,0.5,1,1,1,0,,,,,,8,4,3,1,0,,,,,,,,,,,,,,,
170,,,,,,,,,,,,,,,,,,,,,9,3,3,1,0,,,,,,27,2,1,1,0,,,,,,,,,,,,,,,
171,,,,,,,,,,,,,,,,,,,,,0.5,1,1,1,0,,,,,,7,3,3,1,0,,,,,,,,,,,,,,,
172,,,,,,,,,,,,,,,,,,,,,31,4,4,1,0,,,,,,8,4,3,1,0,,,,,,,,,,,,,,,
173,,,,,,,,,,,,,,,,,,,,,16,2,1,1,0,,,,,,1.5,6,3,2,0,,,,,,,,,,,,,,,
174,,,,,,,,,,,,,,,,,,,,,39,4,4,1,1,,,,,,16,4,4,1,0,,,,,,,,,,,,,,,
175,,,,,,,,,,,,,,,,,,,,,10,3,4,1,1,,,,,,35,4,4,1,0,,,,,,,,,,,,,,,
176,,,,,,,,,,,,,,,,,,,,,3,5,3,2,0,,,,,,4,6,3,2,0,,,,,,,,,,,,,,,
177,,,,,,,,,,,,,,,,,,,,,1,3,3,1,0,,,,,,2,6,3,2,0,,,,,,,,,,,,,,,
178,,,,,,,,,,,,,,,,,,,,,2,1,1,1,0,,,,,,28,1,1,1,0,,,,,,,,,,,,,,,
179,,,,,,,,,,,,,,,,,,,,,1.5,3,3,1,0,,,,,,13,4,4,1,1,,,,,,,,,,,,,,,
180,,,,,,,,,,,,,,,,,,,,,2,1,1,1,0,,,,,,26,4,4,1,1,,,,,,,,,,,,,,,
181,,,,,,,,,,,,,,,,,,,,,1.6,3,3,2,0,,,,,,13,4,4,1,1,,,,,,,,,,,,,,,
182,,,,,,,,,,,,,,,,,,,,,2,1,1,1,0,,,,,,5,6,3,2,0,,,,,,,,,,,,,,,
183,,,,,,,,,,,,,,,,,,,,,1.5,3,3,2,0,,,,,,21,1,1,1,0,,,,,,,,,,,,,,,
184,,,,,,,,,,,,,,,,,,,,,2,1,1,1,0,,,,,,20,2,1,1,0,,,,,,,,,,,,,,,
185,,,,,,,,,,,,,,,,,,,,,1.6,3,3,2,0,,,,,,6,4,3,1,0,,,,,,,,,,,,,,,
186,,,,,,,,,,,,,,,,,,,,,1,1,1,1,0,,,,,,22,2,1,1,0,,,,,,,,,,,,,,,
187,,,,,,,,,,,,,,,,,,,,,1.1,3,3,2,0,,,,,,1,4,3,1,0,,,,,,,,,,,,,,,
188,,,,,,,,,,,,,,,,,,,,,3,1,1,1,0,,,,,,12,2,1,1,0,,,,,,,,,,,,,,,
189,,,,,,,,,,,,,,,,,,,,,15,4,4,1,0,,,,,,2,6,3,2,0,,,,,,,,,,,,,,,
190,,,,,,,,,,,,,,,,,,,,,8,1,1,1,0,,,,,,17,2,1,1,0,,,,,,,,,,,,,,,
191,,,,,,,,,,,,,,,,,,,,,5,3,3,1,0,,,,,,15,5,4,1,0,,,,,,,,,,,,,,,
192,,,,,,,,,,,,,,,,,,,,,7,1,1,1,0,,,,,,1,6,3,2,0,,,,,,,,,,,,,,,
193,,,,,,,,,,,,,,,,,,,,,7,3,3,1,0,,,,,,8,4,3,1,0,,,,,,,,,,,,,,,
194,,,,,,,,,,,,,,,,,,,,,20,1,1,1,0,,,,,,4,7,3,2,0,,,,,,,,,,,,,,,
195,,,,,,,,,,,,,,,,,,,,,26,3,4,1,0,,,,,,34,2,1,1,0,,,,,,,,,,,,,,,
196,,,,,,,,,,,,,,,,,,,,,7,1,1,1,0,,,,,,39,4,4,1,1,,,,,,,,,,,,,,,
197,,,,,,,,,,,,,,,,,,,,,14,3,4,1,0,,,,,,1,6,3,2,1,,,,,,,,,,,,,,,
198,,,,,,,,,,,,,,,,,,,,,3,1,1,1,0,,,,,,20,4,4,1,1,,,,,,,,,,,,,,,
199,,,,,,,,,,,,,,,,,,,,,15,3,4,1,1,,,,,,1,6,3,2,1,,,,,,,,,,,,,,,
200,,,,,,,,,,,,,,,,,,,,,11,3,4,1,1,,,,,,42,4,4,1,1,,,,,,,,,,,,,,,
201,,,,,,,,,,,,,,,,,,,,,57,2,1,1,0,,,,,,3,6,3,2,1,,,,,,,,,,,,,,,
202,,,,,,,,,,,,,,,,,,,,,3,5,3,2,0,,,,,,5,6,3,2,1,,,,,,,,,,,,,,,
203,,,,,,,,,,,,,,,,,,,,,3,1,1,1,0,,,,,,4,6,3,2,1,,,,,,,,,,,,,,,
204,,,,,,,,,,,,,,,,,,,,,0.5,4,3,2,0,,,,,,125,2,1,1,0,,,,,,,,,,,,,,,
205,,,,,,,,,,,,,,,,,,,,,2,1,1,1,0,,,,,,15,4,4,1,1,,,,,,,,,,,,,,,
206,,,,,,,,,,,,,,,,,,,,,0.5,4,3,2,0,,,,,,30,4,4,1,1,,,,,,,,,,,,,,,
207,,,,,,,,,,,,,,,,,,,,,2,1,1,1,0,,,,,,0.5,6,3,2,1,,,,,,,,,,,,,,,
208,,,,,,,,,,,,,,,,,,,,,0.5,4,3,2,0,,,,,,12,4,4,1,1,,,,,,,,,,,,,,,
209,,,,,,,,,,,,,,,,,,,,,4,1,1,1,0,,,,,,0.5,6,3,2,1,,,,,,,,,,,,,,,
210,,,,,,,,,,,,,,,,,,,,,2.5,4,3,2,0,,,,,,70,10,7,2,0,,,,,,,,,,,,,,,
211,,,,,,,,,,,,,,,,,,,,,1,1,1,1,0,,,,,,7,3,3,1,1,,,,,,,,,,,,,,,
212,,,,,,,,,,,,,,,,,,,,,5,4,3,2,0,,,,,,10,4,4,1,1,,,,,,,,,,,,,,,
213,,,,,,,,,,,,,,,,,,,,,1,1,1,1,0,,,,,,3,6,3,2,1,,,,,,,,,,,,,,,
214,,,,,,,,,,,,,,,,,,,,,0.5,4,3,2,0,,,,,,31,4,4,1,1,,,,,,,,,,,,,,,
215,,,,,,,,,,,,,,,,,,,,,2,1,1,1,0,,,,,,0.5,6,3,2,1,,,,,,,,,,,,,,,
216,,,,,,,,,,,,,,,,,,,,,3,4,3,2,0,,,,,,48,4,4,1,1,,,,,,,,,,,,,,,
217,,,,,,,,,,,,,,,,,,,,,1,1,1,1,0,,,,,,2,6,3,2,1,,,,,,,,,,,,,,,
218,,,,,,,,,,,,,,,,,,,,,2,4,3,2,0,,,,,,19,2,1,1,0,,,,,,,,,,,,,,,
219,,,,,,,,,,,,,,,,,,,,,1,1,1,1,0,,,,,,15,4,4,1,0,,,,,,,,,,,,,,,
220,,,,,,,,,,,,,,,,,,,,,1.5,4,3,2,0,,,,,,13,4,4,1,0,,,,,,,,,,,,,,,
221,,,,,,,,,,,,,,,,,,,,,2,1,1,1,0,,,,,,3,6,3,2,0,,,,,,,,,,,,,,,
222,,,,,,,,,,,,,,,,,,,,,5.5,4,3,1,0,,,,,,33,2,1,1,0,,,,,,,,,,,,,,,
223,,,,,,,,,,,,,,,,,,,,,15,1,1,1,0,,,,,,13,4,4,1,0,,,,,,,,,,,,,,,
224,,,,,,,,,,,,,,,,,,,,,11,3,4,1,0,,,,,,75,2,1,1,0,,,,,,,,,,,,,,,
225,,,,,,,,,,,,,,,,,,,,,41,1,1,1,0,,,,,,2,6,3,2,0,,,,,,,,,,,,,,,
226,,,,,,,,,,,,,,,,,,,,,21,5,4,2,1,,,,,,13,3,4,1,0,,,,,,,,,,,,,,,
227,,,,,,,,,,,,,,,,,,,,,3,5,3,2,1,,,,,,12,2,1,1,0,,,,,,,,,,,,,,,
228,,,,,,,,,,,,,,,,,,,,,84,1,1,1,0,,,,,,0.5,6,3,2,0,,,,,,,,,,,,,,,
229,,,,,,,,,,,,,,,,,,,,,32,5,4,2,1,,,,,,11,2,1,1,0,,,,,,,,,,,,,,,
230,,,,,,,,,,,,,,,,,,,,,34,3,4,1,1,,,,,,4,4,3,1,0,,,,,,,,,,,,,,,
231,,,,,,,,,,,,,,,,,,,,,43,1,1,1,0,,,,,,5,6,3,2,0,,,,,,,,,,,,,,,
232,,,,,,,,,,,,,,,,,,,,,1.5,5,3,2,0,,,,,,13,2,1,1,0,,,,,,,,,,,,,,,
233,,,,,,,,,,,,,,,,,,,,,50,1,1,1,0,,,,,,8,6,3,2,0,,,,,,,,,,,,,,,
234,,,,,,,,,,,,,,,,,,,,,1.5,4,3,2,0,,,,,,609,10,6,1,0,,,,,,,,,,,,,,,
235,,,,,,,,,,,,,,,,,,,,,10,1,1,1,0,,,,,,5.2,6,3,2,0,,,,,,,,,,,,,,,
236,,,,,,,,,,,,,,,,,,,,,36,3,4,1,1,,,,,,52,2,1,1,0,,,,,,,,,,,,,,,
237,,,,,,,,,,,,,,,,,,,,,31,3,4,1,1,,,,,,7,3,3,1,0,,,,,,,,,,,,,,,
238,,,,,,,,,,,,,,,,,,,,,16,3,4,1,1,,,,,,3,6,3,2,0,,,,,,,,,,,,,,,
239,,,,,,,,,,,,,,,,,,,,,15,3,4,1,1,,,,,,5,2,1,1,0,,,,,,,,,,,,,,,
240,,,,,,,,,,,,,,,,,,,,,8,3,3,1,1,,,,,,9,3,3,1,1,,,,,,,,,,,,,,,
241,,,,,,,,,,,,,,,,,,,,,47,1,1,1,0,,,,,,7,3,3,1,1,,,,,,,,,,,,,,,
242,,,,,,,,,,,,,,,,,,,,,1.5,4,3,2,0,,,,,,3,3,3,1,1,,,,,,,,,,,,,,,
243,,,,,,,,,,,,,,,,,,,,,5,1,1,1,0,,,,,,4,3,3,1,1,,,,,,,,,,,,,,,
244,,,,,,,,,,,,,,,,,,,,,9,2,1,1,0,,,,,,1,6,3,2,1,,,,,,,,,,,,,,,
245,,,,,,,,,,,,,,,,,,,,,2,1,1,1,0,,,,,,14,3,4,1,0,,,,,,,,,,,,,,,
246,,,,,,,,,,,,,,,,,,,,,40,4,4,1,0,,,,,,6,6,3,2,0,,,,,,,,,,,,,,,
247,,,,,,,,,,,,,,,,,,,,,20,5,4,2,0,,,,,,39,3,4,1,0,,,,,,,,,,,,,,,
248,,,,,,,,,,,,,,,,,,,,,22,1,1,1,0,,,,,,2,6,3,2,0,,,,,,,,,,,,,,,
249,,,,,,,,,,,,,,,,,,,,,1,5,3,2,0,,,,,,22,3,4,1,0,,,,,,,,,,,,,,,
250,,,,,,,,,,,,,,,,,,,,,3,1,1,1,0,,,,,,7,2,1,1,0,,,,,,,,,,,,,,,
251,,,,,,,,,,,,,,,,,,,,,4,5,3,2,0,,,,,,1,6,3,2,0,,,,,,,,,,,,,,,
252,,,,,,,,,,,,,,,,,,,,,20,1,1,1,0,,,,,,47,3,4,1,0,,,,,,,,,,,,,,,
253,,,,,,,,,,,,,,,,,,,,,37,2,1,1,0,,,,,,1,6,3,2,0,,,,,,,,,,,,,,,
254,,,,,,,,,,,,,,,,,,,,,70,2,1,1,0,,,,,,10,2,1,1,0,,,,,,,,,,,,,,,
255,,,,,,,,,,,,,,,,,,,,,11,3,4,1,0,,,,,,10,4,4,1,0,,,,,,,,,,,,,,,
256,,,,,,,,,,,,,,,,,,,,,10,2,1,1,0,,,,,,4,6,3,2,0,,,,,,,,,,,,,,,
257,,,,,,,,,,,,,,,,,,,,,4,3,3,1,0,,,,,,20,2,1,1,0,,,,,,,,,,,,,,,
258,,,,,,,,,,,,,,,,,,,,,42,5,4,1,0,,,,,,1,6,3,2,0,,,,,,,,,,,,,,,
259,,,,,,,,,,,,,,,,,,,,,11,1,1,1,0,,,,,,51,2,1,1,0,,,,,,,,,,,,,,,
260,,,,,,,,,,,,,,,,,,,,,36,3,4,1,0,,,,,,6,4,3,1,0,,,,,,,,,,,,,,,
261,,,,,,,,,,,,,,,,,,,,,5,1,1,1,0,,,,,,11,2,1,1,0,,,,,,,,,,,,,,,
262,,,,,,,,,,,,,,,,,,,,,36,3,4,1,0,,,,,,1,6,3,2,0,,,,,,,,,,,,,,,
263,,,,,,,,,,,,,,,,,,,,,5,1,1,1,0,,,,,,2,2,1,1,0,,,,,,,,,,,,,,,
264,,,,,,,,,,,,,,,,,,,,,26,4,4,1,0,,,,,,8,4,3,1,0,,,,,,,,,,,,,,,
265,,,,,,,,,,,,,,,,,,,,,36,1,1,1,0,,,,,,106,10,6,1,0,,,,,,,,,,,,,,,
266,,,,,,,,,,,,,,,,,,,,,8,3,3,1,0,,,,,,5,6,3,2,0,,,,,,,,,,,,,,,
267,,,,,,,,,,,,,,,,,,,,,0.5,1,3,2,0,,,,,,16,2,1,1,0,,,,,,,,,,,,,,,
268,,,,,,,,,,,,,,,,,,,,,13,3,1,1,0,,,,,,28,4,4,1,0,,,,,,,,,,,,,,,
269,,,,,,,,,,,,,,,,,,,,,3,1,3,2,0,,,,,,9,3,3,1,0,,,,,,,,,,,,,,,
270,,,,,,,,,,,,,,,,,,,,,7,3,3,1,0,,,,,,22,2,1,1,0,,,,,,,,,,,,,,,
271,,,,,,,,,,,,,,,,,,,,,140,1,1,1,0,,,,,,8,3,3,1,0,,,,,,,,,,,,,,,
272,,,,,,,,,,,,,,,,,,,,,5,3,3,1,0,,,,,,80,2,1,1,0,,,,,,,,,,,,,,,
273,,,,,,,,,,,,,,,,,,,,,1.5,5,3,2,0,,,,,,38,3,3,1,1,,,,,,,,,,,,,,,
274,,,,,,,,,,,,,,,,,,,,,33,3,4,1,0,,,,,,4,6,3,2,1,,,,,,,,,,,,,,,
275,,,,,,,,,,,,,,,,,,,,,50,1,1,1,0,,,,,,6,2,1,1,0,,,,,,,,,,,,,,,
276,,,,,,,,,,,,,,,,,,,,,9,3,3,1,0,,,,,,37,4,4,1,1,,,,,,,,,,,,,,,
277,,,,,,,,,,,,,,,,,,,,,0.5,5,3,2,0,,,,,,48,5,4,1,1,,,,,,,,,,,,,,,
278,,,,,,,,,,,,,,,,,,,,,7,3,3,1,0,,,,,,20,2,1,1,0,,,,,,,,,,,,,,,
279,,,,,,,,,,,,,,,,,,,,,0.5,5,3,2,0,,,,,,23,4,4,1,0,,,,,,,,,,,,,,,
280,,,,,,,,,,,,,,,,,,,,,10,3,4,1,0,,,,,,14,4,4,1,0,,,,,,,,,,,,,,,
281,,,,,,,,,,,,,,,,,,,,,30,1,1,1,0,,,,,,14,4,4,1,0,,,,,,,,,,,,,,,
282,,,,,,,,,,,,,,,,,,,,,2,6,3,2,0,,,,,,1,6,3,2,0,,,,,,,,,,,,,,,
283,,,,,,,,,,,,,,,,,,,,,71,3,4,1,0,,,,,,7,3,3,1,0,,,,,,,,,,,,,,,
284,,,,,,,,,,,,,,,,,,,,,14,2,1,1,0,,,,,,25,4,4,1,0,,,,,,,,,,,,,,,
285,,,,,,,,,,,,,,,,,,,,,36,3,4,1,0,,,,,,12,7,4,2,0,,,,,,,,,,,,,,,
286,,,,,,,,,,,,,,,,,,,,,1.2,5,3,2,0,,,,,,2,4,3,1,0,,,,,,,,,,,,,,,
287,,,,,,,,,,,,,,,,,,,,,31,3,4,1,0,,,,,,27,4,4,1,1,,,,,,,,,,,,,,,
288,,,,,,,,,,,,,,,,,,,,,8,1,1,1,0,,,,,,1,6,3,2,1,,,,,,,,,,,,,,,
289,,,,,,,,,,,,,,,,,,,,,15,5,2,1,0,,,,,,40,4,4,1,1,,,,,,,,,,,,,,,
290,,,,,,,,,,,,,,,,,,,,,29,1,1,1,0,,,,,,0.5,6,3,2,0,,,,,,,,,,,,,,,
291,,,,,,,,,,,,,,,,,,,,,2.5,3,3,1,0,,,,,,6,2,1,1,0,,,,,,,,,,,,,,,
292,,,,,,,,,,,,,,,,,,,,,4.5,6,3,2,0,,,,,,13,6,4,1,0,,,,,,,,,,,,,,,
293,,,,,,,,,,,,,,,,,,,,,125,2,1,1,0,,,,,,4,6,3,1,0,,,,,,,,,,,,,,,
294,,,,,,,,,,,,,,,,,,,,,6,5,3,2,0,,,,,,4,6,3,1,0,,,,,,,,,,,,,,,
295,,,,,,,,,,,,,,,,,,,,,12,1,1,1,0,,,,,,9,4,3,1,1,,,,,,,,,,,,,,,
296,,,,,,,,,,,,,,,,,,,,,32,5,4,1,0,,,,,,2,6,3,2,1,,,,,,,,,,,,,,,
297,,,,,,,,,,,,,,,,,,,,,6,1,1,1,0,,,,,,39,2,1,1,0,,,,,,,,,,,,,,,
298,,,,,,,,,,,,,,,,,,,,,2,4,3,1,0,,,,,,16,3,4,1,0,,,,,,,,,,,,,,,
299,,,,,,,,,,,,,,,,,,,,,5,1,1,1,0,,,,,,1.5,6,3,2,0,,,,,,,,,,,,,,,
300,,,,,,,,,,,,,,,,,,,,,3,4,3,1,0,,,,,,56,10,6,2,0,,,,,,,,,,,,,,,
301,,,,,,,,,,,,,,,,,,,,,5,1,1,1,0,,,,,,3,7,3,2,0,,,,,,,,,,,,,,,
302,,,,,,,,,,,,,,,,,,,,,10,5,4,1,0,,,,,,35,10,6,2,0,,,,,,,,,,,,,,,
303,,,,,,,,,,,,,,,,,,,,,2,1,1,1,0,,,,,,35,6,2,2,0,,,,,,,,,,,,,,,
304,,,,,,,,,,,,,,,,,,,,,44,3,4,1,0,,,,,,35,6,2,2,0,,,,,,,,,,,,,,,
305,,,,,,,,,,,,,,,,,,,,,135,2,6,1,0,,,,,,10,3,4,1,0,,,,,,,,,,,,,,,
306,,,,,,,,,,,,,,,,,,,,,18,7,6,1,0,,,,,,5,2,1,1,0,,,,,,,,,,,,,,,
307,,,,,,,,,,,,,,,,,,,,,14,1,1,1,0,,,,,,3,6,3,2,0,,,,,,,,,,,,,,,
308,,,,,,,,,,,,,,,,,,,,,54,3,4,1,0,,,,,,320,2,1,1,0,,,,,,,,,,,,,,,
309,,,,,,,,,,,,,,,,,,,,,130,1,1,1,0,,,,,,609,10,7,2,1,,,,,,,,,,,,,,,
310,,,,,,,,,,,,,,,,,,,,,11,2,1,1,0,,,,,,10,4,4,1,1,,,,,,,,,,,,,,,
311,,,,,,,,,,,,,,,,,,,,,6,1,1,1,0,,,,,,7,6,3,2,1,,,,,,,,,,,,,,,
312,,,,,,,,,,,,,,,,,,,,,11,3,4,1,0,,,,,,11,4,4,1,1,,,,,,,,,,,,,,,
313,,,,,,,,,,,,,,,,,,,,,22,1,1,1,0,,,,,,14,2,1,1,0,,,,,,,,,,,,,,,
314,,,,,,,,,,,,,,,,,,,,,13,3,4,1,0,,,,,,22,3,4,3,1,,,,,,,,,,,,,,,
315,,,,,,,,,,,,,,,,,,,,,21,1,1,1,0,,,,,,1,6,3,2,1,,,,,,,,,,,,,,,
316,,,,,,,,,,,,,,,,,,,,,12,5,4,1,0,,,,,,1,6,3,2,1,,,,,,,,,,,,,,,
317,,,,,,,,,,,,,,,,,,,,,17,1,1,1,0,,,,,,1,6,3,2,1,,,,,,,,,,,,,,,
318,,,,,,,,,,,,,,,,,,,,,9,4,3,1,0,,,,,,16,3,4,1,1,,,,,,,,,,,,,,,
319,,,,,,,,,,,,,,,,,,,,,75,2,1,1,0,,,,,,19,2,1,1,0,,,,,,,,,,,,,,,
320,,,,,,,,,,,,,,,,,,,,,18,4,4,1,0,,,,,,21,4,4,1,1,,,,,,,,,,,,,,,
321,,,,,,,,,,,,,,,,,,,,,2,1,1,1,0,,,,,,13,3,4,1,1,,,,,,,,,,,,,,,
322,,,,,,,,,,,,,,,,,,,,,23,4,4,1,0,,,,,,10,3,4,1,1,,,,,,,,,,,,,,,
323,,,,,,,,,,,,,,,,,,,,,5,2,1,1,0,,,,,,1,6,3,2,1,,,,,,,,,,,,,,,
324,,,,,,,,,,,,,,,,,,,,,12,3,4,1,0,,,,,,7,3,3,1,0,,,,,,,,,,,,,,,
325,,,,,,,,,,,,,,,,,,,,,53,1,1,1,0,,,,,,10,4,4,1,0,,,,,,,,,,,,,,,
326,,,,,,,,,,,,,,,,,,,,,14,4,4,1,0,,,,,,9,4,3,1,1,,,,,,,,,,,,,,,
327,,,,,,,,,,,,,,,,,,,,,6,1,1,1,0,,,,,,6,4,3,1,1,,,,,,,,,,,,,,,
328,,,,,,,,,,,,,,,,,,,,,27,4,4,1,0,,,,,,25,4,4,1,1,,,,,,,,,,,,,,,
329,,,,,,,,,,,,,,,,,,,,,7,1,1,1,0,,,,,,1,6,3,2,1,,,,,,,,,,,,,,,
330,,,,,,,,,,,,,,,,,,,,,6,4,3,1,1,,,,,,49,2,1,1,0,,,,,,,,,,,,,,,
331,,,,,,,,,,,,,,,,,,,,,9,4,3,1,1,,,,,,10,3,4,1,1,,,,,,,,,,,,,,,
332,,,,,,,,,,,,,,,,,,,,,5,1,1,1,0,,,,,,15,4,4,1,1,,,,,,,,,,,,,,,
333,,,,,,,,,,,,,,,,,,,,,25,4,4,1,0,,,,,,18,4,4,1,1,,,,,,,,,,,,,,,
334,,,,,,,,,,,,,,,,,,,,,140,2,1,1,0,,,,,,37,2,1,1,0,,,,,,,,,,,,,,,
335,,,,,,,,,,,,,,,,,,,,,10,3,4,1,0,,,,,,0.5,6,3,2,0,,,,,,,,,,,,,,,
336,,,,,,,,,,,,,,,,,,,,,3,1,1,1,0,,,,,,42,2,1,1,0,,,,,,,,,,,,,,,
337,,,,,,,,,,,,,,,,,,,,,13,3,4,1,0,,,,,,0.5,6,3,2,0,,,,,,,,,,,,,,,
338,,,,,,,,,,,,,,,,,,,,,1,5,3,1,0,,,,,,36,2,1,1,0,,,,,,,,,,,,,,,
339,,,,,,,,,,,,,,,,,,,,,10,3,4,1,0,,,,,,8,4,3,1,0,,,,,,,,,,,,,,,
340,,,,,,,,,,,,,,,,,,,,,14,3,4,1,0,,,,,,2,6,1,2,0,,,,,,,,,,,,,,,
341,,,,,,,,,,,,,,,,,,,,,5,1,1,1,0,,,,,,6,3,3,1,0,,,,,,,,,,,,,,,
342,,,,,,,,,,,,,,,,,,,,,11,4,4,1,0,,,,,,1,6,3,2,0,,,,,,,,,,,,,,,
343,,,,,,,,,,,,,,,,,,,,,32,2,1,1,0,,,,,,34,3,4,1,0,,,,,,,,,,,,,,,
344,,,,,,,,,,,,,,,,,,,,,12,4,4,1,0,,,,,,640,10,7,2,0,,,,,,,,,,,,,,,
345,,,,,,,,,,,,,,,,,,,,,110,2,1,1,0,,,,,,,,,,,,,,,,,,,,,,,,,
346,,,,,,,,,,,,,,,,,,,,,24,4,4,1,0,,,,,,,,,,,,,,,,,,,,,,,,,
347,,,,,,,,,,,,,,,,,,,,,16,1,1,1,0,,,,,,,,,,,,,,,,,,,,,,,,,
348,,,,,,,,,,,,,,,,,,,,,15,3,4,1,0,,,,,,,,,,,,,,,,,,,,,,,,,
349,,,,,,,,,,,,,,,,,,,,,23,4,4,1,0,,,,,,,,,,,,,,,,,,,,,,,,,
350,,,,,,,,,,,,,,,,,,,,,4,3,3,1,1,,,,,,,,,,,,,,,,,,,,,,,,,
351,,,,,,,,,,,,,,,,,,,,,7,3,3,1,1,,,,,,,,,,,,,,,,,,,,,,,,,
352,,,,,,,,,,,,,,,,,,,,,40,1,1,1,0,,,,,,,,,,,,,,,,,,,,,,,,,
353,,,,,,,,,,,,,,,,,,,,,10,4,4,1,0,,,,,,,,,,,,,,,,,,,,,,,,,
354,,,,,,,,,,,,,,,,,,,,,91,1,1,1,0,,,,,,,,,,,,,,,,,,,,,,,,,
355,,,,,,,,,,,,,,,,,,,,,25,3,4,1,0,,,,,,,,,,,,,,,,,,,,,,,,,
356,,,,,,,,,,,,,,,,,,,,,12,6,4,2,0,,,,,,,,,,,,,,,,,,,,,,,,,
357,,,,,,,,,,,,,,,,,,,,,100,1,1,1,0,,,,,,,,,,,,,,,,,,,,,,,,,
358,,,,,,,,,,,,,,,,,,,,,1.9,5,3,2,0,,,,,,,,,,,,,,,,,,,,,,,,,
359,,,,,,,,,,,,,,,,,,,,,131,1,1,1,0,,,,,,,,,,,,,,,,,,,,,,,,,
360,,,,,,,,,,,,,,,,,,,,,2,5,3,2,0,,,,,,,,,,,,,,,,,,,,,,,,,
361,,,,,,,,,,,,,,,,,,,,,60,1,1,1,0,,,,,,,,,,,,,,,,,,,,,,,,,
362,,,,,,,,,,,,,,,,,,,,,13,3,4,1,0,,,,,,,,,,,,,,,,,,,,,,,,,
363,,,,,,,,,,,,,,,,,,,,,6,1,1,1,0,,,,,,,,,,,,,,,,,,,,,,,,,
364,,,,,,,,,,,,,,,,,,,,,9,3,3,1,0,,,,,,,,,,,,,,,,,,,,,,,,,
365,,,,,,,,,,,,,,,,,,,,,1,5,3,2,0,,,,,,,,,,,,,,,,,,,,,,,,,
366,,,,,,,,,,,,,,,,,,,,,3,3,3,1,0,,,,,,,,,,,,,,,,,,,,,,,,,
367,,,,,,,,,,,,,,,,,,,,,2,1,1,1,0,,,,,,,,,,,,,,,,,,,,,,,,,
368,,,,,,,,,,,,,,,,,,,,,5,3,3,1,0,,,,,,,,,,,,,,,,,,,,,,,,,
369,,,,,,,,,,,,,,,,,,,,,20,1,1,1,0,,,,,,,,,,,,,,,,,,,,,,,,,
370,,,,,,,,,,,,,,,,,,,,,6,4,3,1,0,,,,,,,,,,,,,,,,,,,,,,,,,
371,,,,,,,,,,,,,,,,,,,,,74,1,1,1,0,,,,,,,,,,,,,,,,,,,,,,,,,
372,,,,,,,,,,,,,,,,,,,,,15,5,2,2,0,,,,,,,,,,,,,,,,,,,,,,,,,
373,,,,,,,,,,,,,,,,,,,,,7,1,1,1,0,,,,,,,,,,,,,,,,,,,,,,,,,
374,,,,,,,,,,,,,,,,,,,,,10,4,4,1,1,,,,,,,,,,,,,,,,,,,,,,,,,
375,,,,,,,,,,,,,,,,,,,,,15,4,4,1,1,,,,,,,,,,,,,,,,,,,,,,,,,
376,,,,,,,,,,,,,,,,,,,,,100,1,1,1,0,,,,,,,,,,,,,,,,,,,,,,,,,
377,,,,,,,,,,,,,,,,,,,,,1,5,3,2,0,,,,,,,,,,,,,,,,,,,,,,,,,
378,,,,,,,,,,,,,,,,,,,,,8,1,1,1,0,,,,,,,,,,,,,,,,,,,,,,,,,
379,,,,,,,,,,,,,,,,,,,,,2,4,3,2,0,,,,,,,,,,,,,,,,,,,,,,,,,
380,,,,,,,,,,,,,,,,,,,,,6,1,1,1,0,,,,,,,,,,,,,,,,,,,,,,,,,
381,,,,,,,,,,,,,,,,,,,,,1,4,3,1,0,,,,,,,,,,,,,,,,,,,,,,,,,
382,,,,,,,,,,,,,,,,,,,,,15,1,1,1,0,,,,,,,,,,,,,,,,,,,,,,,,,
383,,,,,,,,,,,,,,,,,,,,,6,3,3,1,0,,,,,,,,,,,,,,,,,,,,,,,,,
384,,,,,,,,,,,,,,,,,,,,,0.5,1,1,1,0,,,,,,,,,,,,,,,,,,,,,,,,,
385,,,,,,,,,,,,,,,,,,,,,44,3,4,1,0,,,,,,,,,,,,,,,,,,,,,,,,,
386,,,,,,,,,,,,,,,,,,,,,5,1,1,1,0,,,,,,,,,,,,,,,,,,,,,,,,,
387,,,,,,,,,,,,,,,,,,,,,24,4,4,1,0,,,,,,,,,,,,,,,,,,,,,,,,,
388,,,,,,,,,,,,,,,,,,,,,8,1,1,1,0,,,,,,,,,,,,,,,,,,,,,,,,,
389,,,,,,,,,,,,,,,,,,,,,6,4,3,1,0,,,,,,,,,,,,,,,,,,,,,,,,,
390,,,,,,,,,,,,,,,,,,,,,110,1,1,1,0,,,,,,,,,,,,,,,,,,,,,,,,,
391,,,,,,,,,,,,,,,,,,,,,6,4,3,1,0,,,,,,,,,,,,,,,,,,,,,,,,,
392,,,,,,,,,,,,,,,,,,,,,60,1,1,1,0,,,,,,,,,,,,,,,,,,,,,,,,,
393,,,,,,,,,,,,,,,,,,,,,1,5,3,2,0,,,,,,,,,,,,,,,,,,,,,,,,,
394,,,,,,,,,,,,,,,,,,,,,1,1,1,1,0,,,,,,,,,,,,,,,,,,,,,,,,,
395,,,,,,,,,,,,,,,,,,,,,38,3,4,1,0,,,,,,,,,,,,,,,,,,,,,,,,,
396,,,,,,,,,,,,,,,,,,,,,6,1,1,1,0,,,,,,,,,,,,,,,,,,,,,,,,,
397,,,,,,,,,,,,,,,,,,,,,15,4,4,1,0,,,,,,,,,,,,,,,,,,,,,,,,,
398,,,,,,,,,,,,,,,,,,,,,28,1,1,1,0,,,,,,,,,,,,,,,,,,,,,,,,,
399,,,,,,,,,,,,,,,,,,,,,6,2,1,1,0,,,,,,,,,,,,,,,,,,,,,,,,,
400,,,,,,,,,,,,,,,,,,,,,7,1,1,1,0,,,,,,,,,,,,,,,,,,,,,,,,,
401,,,,,,,,,,,,,,,,,,,,,17,3,4,1,0,,,,,,,,,,,,,,,,,,,,,,,,,
402,,,,,,,,,,,,,,,,,,,,,188,1,1,1,0,,,,,,,,,,,,,,,,,,,,,,,,,
403,,,,,,,,,,,,,,,,,,,,,9,4,3,1,0,,,,,,,,,,,,,,,,,,,,,,,,,
404,,,,,,,,,,,,,,,,,,,,,125,1,1,1,0,,,,,,,,,,,,,,,,,,,,,,,,,
405,,,,,,,,,,,,,,,,,,,,,16,3,4,1,0,,,,,,,,,,,,,,,,,,,,,,,,,
406,,,,,,,,,,,,,,,,,,,,,65,1,1,1,0,,,,,,,,,,,,,,,,,,,,,,,,,
407,,,,,,,,,,,,,,,,,,,,,6,3,3,1,0,,,,,,,,,,,,,,,,,,,,,,,,,
408,,,,,,,,,,,,,,,,,,,,,80,1,1,1,0,,,,,,,,,,,,,,,,,,,,,,,,,
409,,,,,,,,,,,,,,,,,,,,,5,3,3,1,0,,,,,,,,,,,,,,,,,,,,,,,,,
410,,,,,,,,,,,,,,,,,,,,,6,1,1,1,0,,,,,,,,,,,,,,,,,,,,,,,,,
411,,,,,,,,,,,,,,,,,,,,,3,3,3,1,0,,,,,,,,,,,,,,,,,,,,,,,,,
412,,,,,,,,,,,,,,,,,,,,,10,1,1,1,0,,,,,,,,,,,,,,,,,,,,,,,,,
413,,,,,,,,,,,,,,,,,,,,,4,3,3,1,0,,,,,,,,,,,,,,,,,,,,,,,,,
414,,,,,,,,,,,,,,,,,,,,,15,1,1,1,0,,,,,,,,,,,,,,,,,,,,,,,,,
415,,,,,,,,,,,,,,,,,,,,,6,3,3,1,0,,,,,,,,,,,,,,,,,,,,,,,,,
416,,,,,,,,,,,,,,,,,,,,,256,1,6,1,0,,,,,,,,,,,,,,,,,,,,,,,,,
417,,,,,,,,,,,,,,,,,,,,,172,2,1,1,0,,,,,,,,,,,,,,,,,,,,,,,,,
418,,,,,,,,,,,,,,,,,,,,,15,3,4,1,0,,,,,,,,,,,,,,,,,,,,,,,,,
419,,,,,,,,,,,,,,,,,,,,,9,1,1,1,0,,,,,,,,,,,,,,,,,,,,,,,,,
420,,,,,,,,,,,,,,,,,,,,,12,3,4,1,0,,,,,,,,,,,,,,,,,,,,,,,,,
421,,,,,,,,,,,,,,,,,,,,,29,1,1,1,0,,,,,,,,,,,,,,,,,,,,,,,,,
422,,,,,,,,,,,,,,,,,,,,,2.5,3,3,1,0,,,,,,,,,,,,,,,,,,,,,,,,,
423,,,,,,,,,,,,,,,,,,,,,3,1,1,1,0,,,,,,,,,,,,,,,,,,,,,,,,,
424,,,,,,,,,,,,,,,,,,,,,2.2,3,3,1,0,,,,,,,,,,,,,,,,,,,,,,,,,
425,,,,,,,,,,,,,,,,,,,,,9,1,1,1,0,,,,,,,,,,,,,,,,,,,,,,,,,
426,,,,,,,,,,,,,,,,,,,,,5,3,3,1,0,,,,,,,,,,,,,,,,,,,,,,,,,
427,,,,,,,,,,,,,,,,,,,,,4,1,1,1,0,,,,,,,,,,,,,,,,,,,,,,,,,
428,,,,,,,,,,,,,,,,,,,,,6,3,3,1,0,,,,,,,,,,,,,,,,,,,,,,,,,
429,,,,,,,,,,,,,,,,,,,,,1,1,1,1,0,,,,,,,,,,,,,,,,,,,,,,,,,
430,,,,,,,,,,,,,,,,,,,,,3,3,3,1,0,,,,,,,,,,,,,,,,,,,,,,,,,
431,,,,,,,,,,,,,,,,,,,,,2,1,1,1,0,,,,,,,,,,,,,,,,,,,,,,,,,
432,,,,,,,,,,,,,,,,,,,,,2,3,3,1,0,,,,,,,,,,,,,,,,,,,,,,,,,
433,,,,,,,,,,,,,,,,,,,,,44,1,1,1,0,,,,,,,,,,,,,,,,,,,,,,,,,
434,,,,,,,,,,,,,,,,,,,,,1.6,4,3,1,0,,,,,,,,,,,,,,,,,,,,,,,,,
435,,,,,,,,,,,,,,,,,,,,,34,5,7,2,1,,,,,,,,,,,,,,,,,,,,,,,,,
436,,,,,,,,,,,,,,,,,,,,,104,5,7,2,1,,,,,,,,,,,,,,,,,,,,,,,,,
437,,,,,,,,,,,,,,,,,,,,,40,1,1,1,0,,,,,,,,,,,,,,,,,,,,,,,,,
438,,,,,,,,,,,,,,,,,,,,,12,3,4,1,0,,,,,,,,,,,,,,,,,,,,,,,,,
439,,,,,,,,,,,,,,,,,,,,,12,1,1,1,0,,,,,,,,,,,,,,,,,,,,,,,,,
440,,,,,,,,,,,,,,,,,,,,,4,3,3,1,0,,,,,,,,,,,,,,,,,,,,,,,,,
441,,,,,,,,,,,,,,,,,,,,,2.5,1,1,1,0,,,,,,,,,,,,,,,,,,,,,,,,,
442,,,,,,,,,,,,,,,,,,,,,9,3,3,1,0,,,,,,,,,,,,,,,,,,,,,,,,,
443,,,,,,,,,,,,,,,,,,,,,86,1,1,1,0,,,,,,,,,,,,,,,,,,,,,,,,,
444,,,,,,,,,,,,,,,,,,,,,4,3,3,1,0,,,,,,,,,,,,,,,,,,,,,,,,,
445,,,,,,,,,,,,,,,,,,,,,80,1,1,1,0,,,,,,,,,,,,,,,,,,,,,,,,,
446,,,,,,,,,,,,,,,,,,,,,2,3,3,1,0,,,,,,,,,,,,,,,,,,,,,,,,,
447,,,,,,,,,,,,,,,,,,,,,90,1,1,1,2,,,,,,,,,,,,,,,,,,,,,,,,,
448,,,,,,,,,,,,,,,,,,,,,46,5,7,2,1,,,,,,,,,,,,,,,,,,,,,,,,,
449,,,,,,,,,,,,,,,,,,,,,55,5,7,2,1,,,,,,,,,,,,,,,,,,,,,,,,,
450,,,,,,,,,,,,,,,,,,,,,12,1,1,1,0,,,,,,,,,,,,,,,,,,,,,,,,,
451,,,,,,,,,,,,,,,,,,,,,39,5,7,2,1,,,,,,,,,,,,,,,,,,,,,,,,,
452,,,,,,,,,,,,,,,,,,,,,38,5,7,2,1,,,,,,,,,,,,,,,,,,,,,,,,,